flow_id,timestamp,packet_length,direction,label
1,0,595,1,2
1,0.0412618365685809,467,-1,2
1,0.054254272252987,201,1,2
1,0.0594817349883603,295,1,2
1,0.0901478508115731,141,1,2
1,0.099615542349636,583,1,2
1,0.148836032979357,435,1,2
1,0.208089055293681,551,-1,2
1,0.220735567785607,282,-1,2
1,0.233035781373964,769,-1,2
1,0.242042000702557,763,1,2
1,0.248443590063442,375,-1,2
1,0.248932475303099,178,1,2
1,0.262153807552832,264,1,2
1,0.284758562023554,403,1,2
1,0.28934214171343,388,1,2
1,0.315467254689318,268,1,2
1,0.331933674067807,461,1,2
1,0.382837923274132,318,-1,2
1,0.45633686774056,144,1,2
1,0.457098208293347,343,1,2
1,0.460681217202783,387,-1,2
1,0.467930070793676,600,1,2
1,0.485813174391476,240,-1,2
1,0.520868451549929,418,-1,2
1,0.557970484213757,455,-1,2
1,0.5856769490168,40,1,2
1,0.597661830104042,481,1,2
1,0.604382590886412,208,-1,2
1,0.612686919547152,335,-1,2
1,0.638150955267564,896,1,2
1,0.639074655583979,708,1,2
1,0.645153678452214,565,1,2
1,0.656952712700343,368,-1,2
1,0.666782300652496,228,1,2
1,0.68415136572611,480,1,2
1,0.712059602552206,355,1,2
1,0.732717628480942,137,-1,2
1,0.738263127169878,396,1,2
1,0.823082714232935,224,-1,2
1,0.86615349568489,622,1,2
1,0.927734624662628,307,1,2
1,0.991751019925263,533,-1,2
1,0.994873325132055,294,1,2
1,1.00190258585519,408,1,2
1,1.01682621178485,431,1,2
1,1.06331584122524,336,1,2
1,1.07751699340643,829,1,2
1,1.09247025313317,560,-1,2
1,1.12753620286647,639,1,2
1,1.14423725537344,820,-1,2
1,1.16263797337898,478,-1,2
1,1.17233300722658,609,1,2
1,1.18141266341223,126,1,2
1,1.24329985810166,208,-1,2
1,1.26293711439396,40,1,2
1,1.27230968858872,239,1,2
1,1.28604757366388,310,1,2
1,1.2891458301065,253,-1,2
1,1.29749576513625,623,1,2
1,1.33378391407543,229,1,2
1,1.38680727215288,248,-1,2
1,1.39565755429566,420,1,2
1,1.4682612307788,230,1,2
1,1.47895760137612,512,1,2
1,1.48019021129661,331,1,2
1,1.49124142971365,674,1,2
1,1.5101676713355,548,1,2
1,1.51899091963517,257,1,2
1,1.53459760132734,561,1,2
1,1.54671436934174,596,-1,2
1,1.54792073552993,588,-1,2
1,1.56695377640642,40,-1,2
1,1.56774542825136,297,-1,2
1,1.56973408746428,40,-1,2
1,1.60234822399985,736,1,2
1,1.65571674782539,472,-1,2
1,1.70161345157471,349,-1,2
1,1.78171615540982,171,1,2
1,1.82891133974183,260,1,2
1,1.83653634978796,271,-1,2
1,1.88938478788822,556,-1,2
1,1.9122375993518,463,-1,2
1,1.91560892382172,655,-1,2
1,1.99081906620633,385,1,2
1,1.9949234571483,40,-1,2
1,2.02025072362362,597,1,2
1,2.06296421932252,605,-1,2
1,2.07019115999269,426,-1,2
1,2.07946545779339,520,1,2
1,2.08207966214473,399,1,2
1,2.08823542466881,418,-1,2
1,2.09261146121426,377,1,2
1,2.11792597357002,128,1,2
1,2.15250848010017,243,1,2
1,2.15824573488701,40,1,2
1,2.16253846320179,482,-1,2
1,2.16272926763257,277,1,2
1,2.18043394436317,407,1,2
1,2.20021020052653,541,1,2
1,2.20527161521542,227,1,2
1,2.22680059713571,342,1,2
1,2.228235731048,503,-1,2
1,2.23128913569628,100,-1,2
1,2.24821538134335,109,1,2
1,2.25394580779656,240,-1,2
1,2.25957867135435,71,1,2
1,2.30501515941937,703,1,2
1,2.30706571878205,546,-1,2
1,2.3207196633244,442,-1,2
1,2.32453179983859,617,-1,2
1,2.34731738567818,526,1,2
1,2.34952432805182,225,1,2
1,2.36839748035953,784,-1,2
1,2.45889205955057,419,-1,2
1,2.46088002656935,501,-1,2
1,2.50875503516719,605,-1,2
1,2.53158666455266,214,1,2
1,2.53261122591347,222,1,2
1,2.5336243138432,203,-1,2
1,2.54474642687246,394,1,2
1,2.55392889674635,574,1,2
1,2.56996825818679,217,1,2
1,2.59450552961173,407,1,2
1,2.6167598829581,350,-1,2
1,2.62469439743614,188,1,2
1,2.63038481812714,228,1,2
1,2.63505932890548,329,1,2
1,2.63978344518408,566,-1,2
1,2.68767611447902,326,1,2
1,2.70176350056502,412,-1,2
1,2.7588624793579,512,1,2
1,2.77083635826632,365,-1,2
1,2.78718652177714,610,-1,2
1,2.78956885615741,603,1,2
1,2.81051308044372,210,1,2
1,2.85341325480745,398,1,2
1,2.89231263116499,330,-1,2
1,2.89776165406895,63,-1,2
1,2.90737993467895,190,-1,2
1,2.95320835236119,538,-1,2
1,3.00272170809005,401,1,2
1,3.00982753664856,309,1,2
1,3.06223848879399,287,-1,2
1,3.06616219164582,691,1,2
1,3.07311813169338,204,1,2
1,3.1232983203827,174,-1,2
1,3.17263862225234,394,1,2
1,3.17290763175095,717,-1,2
1,3.19256314556582,224,-1,2
1,3.21241351046636,448,-1,2
1,3.21655892515772,537,-1,2
1,3.21764279977617,287,1,2
1,3.21792475668521,598,1,2
1,3.22358851546925,321,1,2
1,3.24313803520424,571,1,2
1,3.29279603648313,473,-1,2
1,3.29783855379314,432,-1,2
1,3.30949199613323,47,1,2
1,3.32664196321463,520,1,2
1,3.3286084611325,288,1,2
1,3.37253741190357,160,1,2
1,3.38669754853882,40,-1,2
1,3.47626187777326,445,-1,2
1,3.4914194047789,474,-1,2
1,3.54895945603697,40,1,2
1,3.59156271749871,411,1,2
1,3.63438458936903,260,-1,2
1,3.64302456085958,443,-1,2
1,3.64888395127387,44,1,2
1,3.65966266652209,504,-1,2
1,3.66043389612372,329,-1,2
1,3.68005738480072,797,1,2
1,3.70511279813149,130,1,2
1,3.70793026938305,273,1,2
1,3.73788857236599,242,-1,2
1,3.73863798844838,674,1,2
1,3.82683914624376,688,-1,2
1,3.82745082896792,298,1,2
1,3.8903076925412,460,1,2
1,3.89261269740071,809,-1,2
1,3.90539720213743,435,1,2
1,3.90553840348964,413,1,2
1,3.95766726542484,40,-1,2
1,3.9694843384524,40,-1,2
1,3.97010790848358,660,-1,2
1,3.98306764348102,789,-1,2
1,3.99232745264311,452,-1,2
1,3.99958278790107,326,-1,2
1,4.0153521282595,284,1,2
1,4.02467050934663,608,-1,2
1,4.03541683405837,771,-1,2
1,4.03749832734628,613,1,2
1,4.09932276938592,675,-1,2
1,4.12471340170836,531,-1,2
1,4.12573060664902,40,1,2
1,4.12805535612452,113,-1,2
1,4.14377566588521,696,1,2
1,4.15333210501296,472,-1,2
1,4.17897935715143,141,1,2
1,4.21239273829375,40,-1,2
1,4.22776315684263,602,-1,2
1,4.2485689549712,170,-1,2
1,4.25933782135449,237,-1,2
1,4.31042690820955,430,-1,2
1,4.31094568242536,511,1,2
1,4.31122338663382,622,-1,2
1,4.31840947705536,295,1,2
1,4.33087830397768,435,-1,2
1,4.35433246322021,239,-1,2
1,4.35845339848487,333,-1,2
1,4.36602797781636,529,-1,2
1,4.40235513600199,521,-1,2
1,4.40422098228443,674,-1,2
1,4.40812821262879,476,-1,2
1,4.40915829131195,444,-1,2
1,4.41557012512981,147,1,2
1,4.42534439021619,306,1,2
1,4.44277824199395,296,-1,2
1,4.44417106469622,226,-1,2
1,4.44704699665095,996,-1,2
1,4.50897190109057,335,1,2
1,4.58168476144966,797,-1,2
1,4.60122345216175,475,1,2
1,4.60542421496409,551,1,2
1,4.60568032521208,402,-1,2
1,4.64356721653014,457,-1,2
1,4.65398033501642,393,-1,2
1,4.67328518322501,271,1,2
1,4.67389613244611,537,1,2
1,4.6773328131628,254,-1,2
1,4.68085971328982,40,1,2
1,4.6960158526529,433,1,2
1,4.71361408840268,40,-1,2
1,4.73954995817105,662,-1,2
1,4.79706437159956,610,1,2
1,4.79997130711701,805,1,2
1,4.80411422585372,295,1,2
1,4.80411987318523,40,-1,2
1,4.80418724980664,613,1,2
1,4.81594744220004,353,-1,2
1,4.82120105569575,711,-1,2
1,4.82233742143791,984,-1,2
1,4.82559609843916,497,-1,2
1,4.85353527075343,301,-1,2
1,4.86948125549585,355,1,2
1,4.91041541271975,559,-1,2
1,4.91135617514519,289,1,2
1,4.92136791832051,225,1,2
1,4.95087980421009,431,1,2
1,4.95883865316597,801,1,2
1,4.96845983985037,610,1,2
1,4.98899519737436,419,-1,2
1,5.03250410038423,236,1,2
1,5.04046674570109,485,1,2
1,5.05353344389917,654,1,2
1,5.05870061168823,240,1,2
1,5.07177285352048,409,1,2
1,5.07497196844642,586,-1,2
1,5.08685948879211,623,-1,2
1,5.09842238773702,467,-1,2
1,5.10105525462702,557,1,2
1,5.11920767972887,308,-1,2
1,5.15940371653555,302,-1,2
1,5.23036334832999,573,-1,2
1,5.23598046334323,538,-1,2
1,5.2455311963265,655,-1,2
1,5.25254846877217,516,-1,2
1,5.28348109643729,401,1,2
1,5.32332855001142,401,-1,2
1,5.40793916947843,518,-1,2
1,5.42890206532962,440,1,2
1,5.43945751064204,510,-1,2
1,5.45817493201952,469,-1,2
1,5.47470964993784,781,1,2
1,5.47672465767765,368,-1,2
1,5.49782103703537,316,1,2
1,5.5111320862922,167,-1,2
1,5.51600786514002,458,-1,2
1,5.53450729201603,169,-1,2
1,5.54400080814649,388,-1,2
1,5.54696237137463,455,-1,2
1,5.54799833194304,206,-1,2
1,5.58633479087967,485,-1,2
1,5.58785972410351,193,-1,2
1,5.60204052855096,302,-1,2
1,5.62911750656979,554,1,2
1,5.64468569351832,310,-1,2
2,0,491,1,2
2,0.00399092545854086,321,-1,2
2,0.0084684048444061,40,1,2
2,0.0157540100723332,87,-1,2
2,0.0417824053171115,604,-1,2
2,0.0523272424709629,488,1,2
2,0.0727062350891416,91,1,2
2,0.120516629739063,277,-1,2
2,0.122242747883181,293,1,2
2,0.162024729725956,506,1,2
2,0.163045599315291,72,1,2
2,0.179194066979169,201,-1,2
2,0.212927690532432,599,-1,2
2,0.225181131495602,84,-1,2
2,0.227898766870341,500,1,2
2,0.234132118676998,194,-1,2
2,0.238431629986836,51,-1,2
2,0.246778840563957,46,1,2
2,0.254134235433942,553,-1,2
2,0.257403548829763,710,1,2
2,0.285156012993953,788,1,2
2,0.29944649540604,286,1,2
2,0.329619401920197,459,-1,2
2,0.329867575160156,237,1,2
2,0.331018900259651,298,1,2
2,0.395685084310075,515,-1,2
2,0.402659923535127,52,1,2
2,0.40421378605985,69,-1,2
2,0.438445929335418,130,-1,2
2,0.44976053513529,244,1,2
2,0.451526489085,93,1,2
2,0.519186186746487,460,-1,2
2,0.526393528426721,339,-1,2
2,0.550650502848343,804,1,2
2,0.552222793175673,624,-1,2
2,0.552810169731024,321,1,2
2,0.553957106828734,185,1,2
2,0.568879029338772,337,-1,2
2,0.571848039947503,418,-1,2
2,0.575227080948065,192,1,2
2,0.598072066200921,463,-1,2
2,0.601824808006176,324,-1,2
2,0.667757428885413,427,1,2
2,0.678098666848655,340,-1,2
2,0.707491417804796,314,1,2
2,0.749802430031876,953,-1,2
2,0.801093586290783,622,1,2
2,0.808333402227329,284,-1,2
2,0.829916951879993,644,1,2
2,0.836355059286499,383,1,2
2,0.890913075593018,635,-1,2
2,0.913998302738401,515,-1,2
2,0.926340875430195,355,1,2
2,0.931037022504444,102,-1,2
2,0.953903829108532,214,-1,2
2,0.963275397968674,432,1,2
2,0.965696666839674,473,1,2
2,0.975391275584124,300,1,2
2,1.00452909095692,139,-1,2
2,1.07879189328072,588,-1,2
2,1.0815748617933,564,1,2
2,1.15858456876874,426,1,2
2,1.16126201669401,151,-1,2
2,1.17399973056309,229,1,2
2,1.17525708468268,40,-1,2
2,1.17975039797116,663,1,2
2,1.17979175849836,64,-1,2
2,1.2007475671254,447,1,2
2,1.20604802752975,340,-1,2
2,1.22427752876627,430,-1,2
2,1.23896209542678,493,1,2
2,1.24828215346058,659,-1,2
2,1.25098304158365,308,-1,2
2,1.25130393276576,231,1,2
2,1.25657612479684,237,-1,2
2,1.27403276358806,581,-1,2
2,1.29131825995268,697,-1,2
2,1.29740581198507,443,-1,2
2,1.3260503041157,472,1,2
2,1.37010978523118,501,-1,2
2,1.39084383325114,184,1,2
2,1.41579264697536,777,1,2
2,1.44011975534699,355,-1,2
2,1.46920199230128,303,1,2
2,1.53255937865601,411,1,2
2,1.61304761440624,167,1,2
2,1.61329468646155,40,1,2
2,1.6302779321675,492,1,2
2,1.64940318105433,277,-1,2
2,1.65712680740046,486,-1,2
2,1.68756873281258,333,-1,2
2,1.68859541589702,299,-1,2
2,1.69340260856153,279,1,2
2,1.74169283928163,251,-1,2
2,1.75915838485105,572,1,2
2,1.76173510079096,259,-1,2
2,1.76287218011092,475,1,2
2,1.77808351258234,387,1,2
2,1.78785790178488,587,1,2
2,1.82364906612907,549,-1,2
2,1.82382647816052,540,1,2
2,1.85307515795514,270,1,2
2,1.85425462746895,98,1,2
2,1.86288116108576,313,1,2
2,1.87284142896386,487,-1,2
2,1.88620316514841,40,-1,2
2,1.91553852469863,396,1,2
2,1.9502240365718,435,1,2
2,1.98046243917082,283,-1,2
2,2.01405554174644,562,-1,2
2,2.01903542629532,200,1,2
2,2.04002471239912,182,-1,2
2,2.09702528093715,527,-1,2
2,2.09765297612199,397,-1,2
2,2.10012378526723,529,-1,2
2,2.10162359562807,362,1,2
2,2.1017256993615,330,1,2
3,0,1074,-1,3
3,0.0118610282963797,1005,-1,3
3,0.0127775248677418,1460,1,3
3,0.0837430429649359,1133,1,3
3,0.0956410828760985,1460,1,3
3,0.120015886195653,873,-1,3
3,0.124257876902199,1027,-1,3
3,0.176180665989006,530,-1,3
3,0.187198621298643,1378,-1,3
3,0.192496609623159,1070,-1,3
3,0.194205969669133,1460,1,3
3,0.205632889867928,1174,1,3
3,0.226597300173479,1456,-1,3
3,0.241042721260076,1009,1,3
3,0.24525836621851,1363,-1,3
3,0.26208985898739,1350,1,3
3,0.366902011859173,1438,-1,3
3,0.369048545161883,1460,1,3
3,0.380201038705168,1264,-1,3
3,0.391925130047867,1362,-1,3
3,0.437944587870214,938,-1,3
3,0.450460754455927,479,1,3
3,0.478413211766006,1460,-1,3
3,0.491279846520686,1268,-1,3
3,0.558441961054107,1460,-1,3
3,0.571005525294642,1198,-1,3
3,0.5710231186793,811,-1,3
3,0.661987514285943,1322,1,3
3,0.662680225027718,1131,-1,3
3,0.689655272823015,1011,-1,3
3,0.693807165040663,1195,-1,3
3,0.70116939644653,726,1,3
3,0.718190415346833,1261,-1,3
3,0.727286503994812,964,-1,3
3,0.731172153735455,1454,-1,3
3,0.758351947650664,833,1,3
3,0.791882758702213,1176,-1,3
3,0.804005038553031,768,-1,3
3,0.810406555689663,718,-1,3
3,0.818549593709699,1112,1,3
3,0.825326000655795,1163,1,3
3,0.85025807643307,1318,1,3
3,0.856290945412041,971,-1,3
3,0.919846633127741,1439,-1,3
3,0.938083853895342,1460,1,3
3,1.09279536540719,1460,-1,3
3,1.12655152377387,655,-1,3
3,1.15666737524683,1176,-1,3
3,1.18444452743278,991,-1,3
3,1.19533967001561,1081,-1,3
3,1.22369904704172,1460,-1,3
3,1.24774149641505,1112,1,3
3,1.29086355217188,1199,-1,3
3,1.32042861344675,1272,-1,3
3,1.36487715887853,1355,-1,3
3,1.4433156252522,1275,1,3
3,1.45846845793867,396,-1,3
3,1.47056291580259,1130,-1,3
3,1.48492866064921,1217,-1,3
3,1.5079975129855,600,1,3
3,1.53704195063324,1136,-1,3
3,1.54145057203296,574,1,3
3,1.56112138681536,873,-1,3
3,1.58319163834128,1124,-1,3
3,1.69309727075633,506,1,3
3,1.72535165970935,1241,-1,3
3,1.75436374088255,1416,1,3
3,1.78194088444994,1460,1,3
3,1.79827378538805,1101,1,3
3,1.81711690573801,830,1,3
3,1.8320490009354,530,-1,3
3,1.84008996261814,1267,1,3
3,1.84630121395243,1460,-1,3
3,1.85623464323043,719,1,3
3,1.85759951471268,1460,-1,3
3,1.97773586556937,732,1,3
3,2.02665908520562,1229,1,3
3,2.17319420139466,1460,1,3
3,2.18623446752475,1460,-1,3
3,2.18946100329625,1427,1,3
3,2.23184233458929,1460,1,3
3,2.23411526805803,1032,-1,3
3,2.31838419144045,1460,1,3
3,2.32041855478745,737,-1,3
3,2.35177445247374,1460,-1,3
3,2.42042875647821,1249,-1,3
3,2.44208307327486,1460,-1,3
3,2.48286954203058,1157,-1,3
3,2.5205409067169,1247,-1,3
3,2.55593981069703,1215,-1,3
3,2.56252086012325,1399,-1,3
3,2.58105307626979,705,-1,3
3,2.61606228035687,751,1,3
3,2.63087475892819,925,-1,3
3,2.64089069978723,893,-1,3
3,2.67988055138179,1460,1,3
3,2.70636992214489,990,1,3
3,2.76950997209153,1460,1,3
3,2.82076297566361,1003,1,3
3,2.83228357349316,743,1,3
3,2.88348875444616,1448,-1,3
3,2.90281013018078,1254,-1,3
3,2.91312516534046,1199,-1,3
3,2.980207486081,1215,-1,3
3,2.99721285032814,1440,-1,3
3,3.03802430653486,996,-1,3
3,3.03915764066686,1460,-1,3
3,3.06095592745517,1460,-1,3
3,3.06742635085437,1263,-1,3
3,3.08534910657631,952,-1,3
3,3.17945931969951,1313,1,3
3,3.19317069206356,840,-1,3
3,3.19466520752521,915,1,3
3,3.20990949328591,868,-1,3
3,3.21589271200956,1179,1,3
3,3.21958465264328,1460,1,3
3,3.26392644767082,1390,-1,3
3,3.31045517320103,1460,-1,3
3,3.32523585625418,1121,-1,3
3,3.35190864017265,1015,1,3
3,3.35714419566503,1040,1,3
3,3.36030424036473,1460,1,3
3,3.39150706711114,754,-1,3
3,3.43471431066255,1460,-1,3
3,3.44214794612252,1280,1,3
3,3.48089863878614,1182,1,3
3,3.48675667329393,1384,-1,3
3,3.51251585351417,1186,1,3
3,3.52464008759443,1460,1,3
3,3.59508786723863,1460,1,3
3,3.60924277855618,1114,1,3
3,3.63308039504759,738,1,3
3,3.64908232589867,1264,-1,3
3,3.70259352789602,1460,-1,3
3,3.71175368922319,967,-1,3
3,3.71618096177271,1309,1,3
3,3.76205269345771,1379,-1,3
3,3.83244424036138,1350,1,3
3,3.94479048736582,737,-1,3
3,3.95808682840913,1378,1,3
3,3.97305897582413,1460,-1,3
3,3.99117476999345,859,-1,3
3,4.03501214901252,992,-1,3
3,4.06319079403996,1460,1,3
3,4.07879302513667,934,-1,3
3,4.09978205893093,1341,1,3
3,4.10015074961903,1193,1,3
3,4.15990691366908,1086,-1,3
3,4.17081597757736,1460,1,3
3,4.19798252804277,1144,-1,3
3,4.22342750210617,1215,1,3
3,4.23338288456238,1045,-1,3
3,4.24440906192513,1242,-1,3
3,4.24467253570837,834,-1,3
3,4.30625201660952,1121,1,3
3,4.37412133503687,1460,-1,3
3,4.38379621553502,861,-1,3
3,4.40022158236533,1232,-1,3
3,4.43904281146949,1022,-1,3
3,4.51503320142602,1460,-1,3
3,4.58875489366563,899,1,3
3,4.5921099742735,1460,1,3
3,4.6416385091607,1170,-1,3
3,4.67550710725454,813,1,3
3,4.72003670889849,831,-1,3
3,4.75110614576853,953,-1,3
3,4.83113189322009,1217,-1,3
3,4.85080397917177,1019,1,3
3,4.93162282300914,1374,-1,3
3,4.9383037634832,1140,-1,3
3,4.98191372369514,944,-1,3
3,5.00039864596268,1396,1,3
3,5.00423095106226,1337,-1,3
3,5.01711397189378,942,1,3
3,5.03599336362384,934,-1,3
3,5.06977282935904,719,-1,3
3,5.102761040682,1383,-1,3
3,5.11479834863504,1357,1,3
3,5.11497468502656,1168,-1,3
3,5.12735666507223,1460,1,3
3,5.14487020105806,1460,-1,3
3,5.15428480200983,1321,1,3
3,5.17724307583499,1460,-1,3
3,5.26157431032668,916,-1,3
3,5.27884607311793,1081,1,3
3,5.28014503474944,741,-1,3
3,5.33238222582436,981,1,3
3,5.34351392362246,1220,1,3
3,5.39165733359816,1357,1,3
3,5.41037561321187,705,1,3
3,5.48046717660833,962,-1,3
3,5.50439768859751,1172,-1,3
3,5.51278262507624,1389,1,3
3,5.54448616937649,1115,1,3
3,5.55672919914458,1207,-1,3
3,5.5635946192253,679,-1,3
3,5.56586291650395,913,1,3
3,5.60935373595798,1460,1,3
3,5.63689380815089,1460,1,3
3,5.69332805515798,1457,-1,3
3,5.69355440183006,1460,-1,3
3,5.69582842190815,1170,-1,3
3,5.71431638783649,1215,1,3
3,5.71947445954169,1192,1,3
3,5.73903703649096,1360,-1,3
3,5.75320510927097,1020,-1,3
3,5.8257367624321,962,-1,3
3,5.83415714506265,1099,-1,3
3,5.89589612305699,1460,-1,3
3,5.9016284820168,844,1,3
4,0,782,1,4
4,0.0307206496067723,901,-1,4
4,0.0318564092618408,579,-1,4
4,0.0517249511821785,1129,-1,4
4,0.0937742906008348,1181,-1,4
4,0.180602969203165,1416,1,4
4,0.256156655176475,1046,-1,4
4,0.315766546789733,40,-1,4
4,0.371063953670436,1460,1,4
4,0.377535730393988,1249,-1,4
4,0.400641223403196,690,-1,4
4,0.426538289548212,1386,-1,4
4,0.513131688861401,1154,-1,4
4,0.519158107613334,1215,-1,4
4,0.532142224887264,1391,1,4
4,0.639867686335779,1460,1,4
4,0.653689451373149,1142,-1,4
4,0.678075661684958,789,-1,4
4,0.778251305515705,872,1,4
4,0.809460501022398,1460,1,4
4,0.838429812874412,794,-1,4
4,0.910314877098074,830,-1,4
4,0.912548150872372,890,-1,4
4,0.91905006705822,918,1,4
4,0.935127580269404,1104,-1,4
4,0.965989614270316,1460,-1,4
4,1.00148166088794,311,-1,4
4,1.01865311667469,292,-1,4
4,1.04290021176223,538,-1,4
4,1.1539492371095,1145,1,4
4,1.18068721309552,1460,-1,4
4,1.18929404893629,603,-1,4
4,1.22042135278791,1387,1,4
4,1.33871523103911,1460,-1,4
4,1.34833301527668,1388,1,4
4,1.41243870109171,1460,-1,4
4,1.4665343910068,558,-1,4
4,1.53867803367698,1266,-1,4
4,1.58299847867945,876,-1,4
4,1.59414729233563,1460,1,4
4,1.62035162052759,1374,-1,4
4,1.6837646052516,1266,-1,4
4,1.68897669472894,1094,-1,4
4,1.69410904069951,605,-1,4
4,1.69965293797463,1092,-1,4
4,1.75693872848766,1460,-1,4
4,1.78876902383235,1460,1,4
4,1.78937398940215,95,-1,4
4,1.79972417212474,738,-1,4
4,1.94395364302935,305,1,4
4,2.05316265880627,1167,-1,4
4,2.08388340410604,1460,-1,4
4,2.08769012264484,564,1,4
4,2.11243384711381,1005,1,4
4,2.14033511762335,1431,1,4
4,2.23030686348953,1323,-1,4
4,2.24712310399058,1087,1,4
4,2.25495867968205,1182,-1,4
4,2.29361785383095,1015,-1,4
4,2.30378197687268,842,-1,4
4,2.30522876296548,1058,-1,4
4,2.36885999293064,1141,-1,4
4,2.39476174266996,1460,-1,4
4,2.44467344221104,1329,-1,4
4,2.45395806848126,1373,-1,4
4,2.47591347556655,688,1,4
4,2.49410499982923,937,-1,4
4,2.50313517009811,40,-1,4
4,2.54019179547776,492,-1,4
4,2.5437411068031,1460,1,4
4,2.56890829465696,1460,-1,4
4,2.64272614338749,604,-1,4
4,2.65722816636001,761,1,4
4,2.66649226795373,1460,1,4
4,2.7124764917622,642,-1,4
4,2.71864082033142,1111,1,4
4,2.72258313503523,1460,1,4
4,2.77394644076188,1203,-1,4
4,2.77461107309917,409,-1,4
4,2.85305280848639,808,-1,4
4,2.917029209216,1455,-1,4
4,2.98469314181475,1086,-1,4
4,2.98917558237207,40,-1,4
4,3.00614361036536,1460,-1,4
4,3.08147116714721,40,-1,4
4,3.11428099836058,1083,-1,4
4,3.13370693975833,397,1,4
4,3.23304049413998,1460,-1,4
4,3.23804414459368,753,1,4
4,3.24679011445555,646,-1,4
4,3.27410161369086,198,-1,4
4,3.27543864792878,711,1,4
4,3.31035248112577,1460,1,4
4,3.31099317214065,1409,1,4
4,3.32713664713616,908,1,4
4,3.34532257089804,1460,1,4
4,3.41716414060334,1400,-1,4
4,3.4221899459239,1080,-1,4
4,3.45618295043267,801,-1,4
4,3.52893171860216,981,-1,4
4,3.70387019138536,861,1,4
4,3.72708038617206,1396,-1,4
4,3.75267225503423,443,-1,4
4,3.76584834371013,1211,1,4
4,3.77049810015299,970,-1,4
4,3.87182505951917,1281,-1,4
4,3.88433157377628,664,-1,4
4,3.95130942079079,1084,-1,4
4,3.95742721459565,1118,-1,4
4,3.96541096050098,1036,-1,4
4,3.98999965258314,1157,-1,4
4,4.00368558848366,1303,1,4
4,4.04997550464753,1460,1,4
4,4.0800771356543,899,1,4
4,4.08793540412617,1400,-1,4
4,4.11906050269209,997,-1,4
4,4.16017194093559,623,1,4
4,4.18836353289874,156,-1,4
4,4.19590117851409,666,-1,4
4,4.2396213346338,1460,1,4
4,4.30962417758099,1212,-1,4
4,4.32321048463252,1460,-1,4
4,4.33085795993955,1027,-1,4
4,4.42270718156996,921,-1,4
4,4.47981282250747,709,-1,4
4,4.55789784234917,657,-1,4
4,4.60012668918533,929,-1,4
4,4.63203581106933,457,-1,4
4,4.64360573835775,819,-1,4
4,4.66076649666095,1213,-1,4
4,4.67982806593615,1460,-1,4
4,4.72155044517869,1135,-1,4
4,4.72845570889077,859,-1,4
4,4.75854721583155,1209,1,4
4,4.75939187396003,1272,1,4
4,4.77761116023111,280,-1,4
4,4.86038613834214,689,1,4
4,4.87603812120765,1460,-1,4
4,4.92098252522263,767,-1,4
4,4.93603855729734,1203,-1,4
4,5.04261454438163,1088,-1,4
4,5.11236042584236,479,-1,4
4,5.11859210146184,566,-1,4
4,5.17787268442475,846,1,4
4,5.18498796744868,91,-1,4
4,5.23601014433284,197,-1,4
4,5.25368191338337,1460,1,4
4,5.26828456847526,566,-1,4
4,5.29501067472299,1048,-1,4
4,5.34246769107049,575,-1,4
4,5.40439305519453,1272,-1,4
4,5.54061409920203,441,1,4
4,5.58825025539518,926,-1,4
4,5.60528741077127,1460,-1,4
4,5.6078346274274,1460,-1,4
4,5.61334976992526,527,-1,4
4,5.62400931185124,1432,1,4
4,5.63351689807995,887,-1,4
4,5.64983653568491,967,-1,4
4,5.70367537399779,349,1,4
4,5.70757128694342,755,1,4
4,5.72354669336923,1460,-1,4
4,5.74670797191378,991,-1,4
4,5.83464077007862,867,1,4
4,5.86684366739915,1066,1,4
4,5.89787367708742,1164,-1,4
4,5.90369489296796,642,1,4
4,5.92785288460637,1093,1,4
4,5.96651410481326,501,-1,4
4,5.96745302560816,1460,-1,4
4,6.05548284274125,1234,-1,4
4,6.08994089136246,1171,1,4
4,6.21672082452768,749,1,4
4,6.22877021123607,885,-1,4
4,6.2321891913018,727,-1,4
4,6.28310248589684,710,-1,4
4,6.28921260725912,1460,-1,4
4,6.33842278290936,228,-1,4
4,6.3421613711466,699,-1,4
4,6.35345790866598,1367,-1,4
4,6.36213906120339,885,1,4
4,6.52281983669801,1313,-1,4
4,6.52433578933351,604,-1,4
4,6.53710704771329,971,1,4
4,6.58463744436334,735,-1,4
4,6.59211981091219,233,-1,4
4,6.64282171207354,1460,1,4
4,6.64826578141828,541,-1,4
4,6.73562929066188,1039,-1,4
4,6.74968621374505,815,1,4
4,6.774281953744,889,-1,4
4,6.86779615895687,1429,-1,4
4,6.92456641396875,49,1,4
4,7.10015574809282,1266,-1,4
4,7.13046164313713,1387,-1,4
4,7.17845220863056,1146,-1,4
4,7.19899488478311,1460,1,4
4,7.24752379523161,40,-1,4
4,7.2956934939913,828,-1,4
4,7.30756546370547,578,-1,4
4,7.42890878119763,1353,-1,4
4,7.43299474186647,1460,1,4
4,7.43938910540154,785,-1,4
4,7.45553948694472,1304,1,4
4,7.47642697922851,705,1,4
4,7.48098498244517,1082,-1,4
5,0,442,-1,2
5,0.00525529455804673,40,-1,2
5,0.0136098792076082,72,1,2
5,0.0189383146555369,424,1,2
5,0.0222848903473125,307,1,2
5,0.0320529968247318,603,-1,2
5,0.080524401178953,440,1,2
5,0.0948884581635413,586,-1,2
5,0.145999504117999,579,-1,2
5,0.163951679203012,361,1,2
5,0.181925288877393,448,-1,2
5,0.236284316766153,255,-1,2
5,0.257348271133248,218,-1,2
5,0.301313115249701,597,1,2
5,0.305571158476227,377,-1,2
5,0.306645756824694,560,-1,2
5,0.359179822869151,588,1,2
5,0.360098289066547,640,1,2
5,0.373077963152281,742,1,2
5,0.397186395021642,379,1,2
5,0.448501248891227,222,-1,2
5,0.462339237355071,412,1,2
5,0.466939691916533,332,1,2
5,0.473871738011954,420,-1,2
5,0.533696182608522,511,-1,2
5,0.586069011883921,519,-1,2
5,0.604251675916627,322,-1,2
5,0.628647589548233,276,1,2
5,0.657834843808418,350,-1,2
5,0.683222535796923,319,-1,2
5,0.687598527215975,722,-1,2
5,0.689066548963478,228,-1,2
5,0.707138842509148,226,-1,2
5,0.709110711739827,102,-1,2
5,0.731806133866187,478,1,2
5,0.746634530013247,416,-1,2
5,0.776376369593655,315,-1,2
5,0.785287240858107,40,-1,2
5,0.785712099389128,338,-1,2
5,0.795812512956564,343,1,2
5,0.816367347868412,563,1,2
5,0.825050274697823,467,1,2
5,0.866974595141151,276,-1,2
5,0.869335427216824,210,1,2
5,0.883075391669823,721,-1,2
5,0.899074466848871,386,1,2
5,0.909767791897997,470,-1,2
5,0.919174782069838,40,-1,2
5,0.971858938476748,394,1,2
5,0.979495358755999,40,1,2
5,1.00787735686458,403,1,2
5,1.01461613006199,559,-1,2
5,1.01852341994268,365,-1,2
5,1.02288757231581,212,-1,2
5,1.03475357420836,40,1,2
5,1.04782557030405,338,1,2
5,1.08674113887115,215,-1,2
5,1.09183005294442,168,1,2
5,1.11791259232442,490,1,2
5,1.13190815776633,375,-1,2
5,1.15706448557241,329,1,2
5,1.19728842903615,762,1,2
5,1.20654318452791,198,1,2
5,1.26479600984979,641,1,2
5,1.2705858110573,289,1,2
5,1.29352589359945,624,-1,2
5,1.47177614179811,550,-1,2
5,1.48519880183896,611,1,2
5,1.54641407252187,540,-1,2
5,1.57214887776114,253,1,2
5,1.57908403516954,565,1,2
5,1.63447522255786,378,1,2
5,1.63797804668772,261,1,2
5,1.74932854874797,266,-1,2
5,1.77731015428539,452,-1,2
5,1.78330783710432,192,-1,2
5,1.80633100763254,434,-1,2
5,1.85200776846419,416,-1,2
5,1.87242780214616,515,1,2
5,1.89858535741779,703,-1,2
5,1.90200796006704,369,-1,2
5,1.92521678302674,223,1,2
5,1.92995827400477,214,-1,2
5,1.93224692384657,284,-1,2
5,1.94894955435892,126,-1,2
5,1.950837017573,282,-1,2
5,1.97033035362775,301,1,2
5,1.97106200648321,819,-1,2
5,2.01937942857371,437,-1,2
5,2.02688728742876,343,-1,2
5,2.04099921280848,454,1,2
5,2.05995232260497,40,-1,2
5,2.06910712517121,380,1,2
5,2.07613072393657,512,1,2
5,2.18482139559406,395,1,2
5,2.22062224382871,317,1,2
5,2.22738642929888,795,-1,2
5,2.23550417083402,581,-1,2
5,2.23619501621056,461,-1,2
5,2.24165646148415,459,-1,2
5,2.24266606645294,471,1,2
5,2.24972711097306,162,-1,2
5,2.27393684319397,363,1,2
5,2.31894335327869,40,-1,2
5,2.32386586932861,381,-1,2
5,2.33266236671566,444,-1,2
5,2.39331609670267,308,1,2
5,2.41374631818864,716,1,2
5,2.41462953996129,681,-1,2
5,2.42847644417736,514,1,2
5,2.44522931015008,420,1,2
5,2.4608601540298,478,1,2
5,2.49217980030322,102,-1,2
5,2.51213485080084,589,1,2
5,2.53202999308689,307,1,2
5,2.59102414207998,621,1,2
5,2.59631471584138,267,1,2
5,2.61383187937351,477,-1,2
5,2.61774780072268,938,-1,2
5,2.62098999272673,40,1,2
5,2.65201393369828,377,-1,2
5,2.66040460130966,542,1,2
5,2.67540818988641,386,1,2
5,2.67796129540831,621,-1,2
5,2.70863485844661,442,1,2
5,2.71641252934201,324,1,2
5,2.72637229281819,265,1,2
5,2.75076746255049,204,1,2
5,2.79058129688167,550,1,2
5,2.79914656456873,321,-1,2
5,2.80520660892947,412,-1,2
5,2.82827046999337,396,-1,2
5,2.83704576048372,461,-1,2
5,2.85561652362994,762,-1,2
5,2.86237619846542,681,1,2
5,2.89464358357695,347,-1,2
5,2.89696942896565,626,1,2
5,2.92190636727105,580,1,2
5,2.9419114485709,464,-1,2
5,2.99882601143348,673,-1,2
5,3.04269843476417,40,1,2
5,3.05593675835862,301,1,2
5,3.08230254471042,430,-1,2
5,3.08589751668643,565,1,2
5,3.17030466944102,570,1,2
5,3.18970408854409,188,-1,2
5,3.21143703879651,570,1,2
5,3.29036142985949,390,1,2
5,3.33205157302498,413,1,2
5,3.34970662866312,453,1,2
5,3.36385704504806,739,1,2
5,3.38196951428622,40,-1,2
5,3.39463172690789,375,-1,2
5,3.40501117881905,437,1,2
5,3.49726752356936,613,-1,2
5,3.51262083682443,522,-1,2
5,3.51336450840439,140,-1,2
5,3.52648029242377,256,1,2
5,3.53426595923939,275,1,2
5,3.55756973002404,553,1,2
5,3.56269362091988,224,1,2
5,3.56784517714775,216,-1,2
5,3.5808739205267,793,-1,2
5,3.58135949111617,658,1,2
5,3.62286048077228,495,-1,2
5,3.70441298515773,382,1,2
5,3.70963617146625,520,1,2
5,3.71392094934646,638,1,2
5,3.75629171167157,464,1,2
5,3.78280828163985,359,1,2
5,3.86365961510728,674,-1,2
6,0,196,-1,2
6,0.00728851443948895,828,1,2
6,0.0136106649561926,404,1,2
6,0.0165878380145293,373,-1,2
6,0.0424751566495079,678,-1,2
6,0.0467620317199588,479,-1,2
6,0.0794324841136457,267,-1,2
6,0.100696887851729,562,1,2
6,0.122532970929558,540,-1,2
6,0.122967140219433,538,1,2
6,0.126064290256657,181,1,2
6,0.133164392417613,622,-1,2
6,0.139539406977545,409,1,2
6,0.151061885178938,298,1,2
6,0.152149094158461,320,1,2
6,0.166162250340184,150,1,2
6,0.185486701521873,159,1,2
6,0.221762467735469,570,1,2
6,0.226573205269023,412,-1,2
6,0.232746037691037,49,-1,2
6,0.251869809172333,590,1,2
6,0.325493262561274,289,1,2
6,0.329004217713271,374,1,2
6,0.418455531124273,288,1,2
6,0.425483600387674,138,1,2
6,0.426087484008355,626,-1,2
6,0.442613681830416,181,1,2
6,0.47157934065986,517,-1,2
6,0.478574149807608,535,1,2
6,0.48261333684458,686,1,2
6,0.494700306623775,346,1,2
6,0.495370712726352,203,-1,2
6,0.554628766276291,245,1,2
6,0.568300800025794,494,-1,2
6,0.574913873447829,544,-1,2
6,0.577869019012573,294,1,2
6,0.612247868858136,335,1,2
6,0.616710652840518,1029,1,2
6,0.628569195203092,569,-1,2
6,0.647068072351839,602,-1,2
6,0.687610363642346,610,1,2
6,0.690504041895887,331,1,2
6,0.727499458025953,432,-1,2
6,0.750936808843797,486,-1,2
6,0.775691156074974,165,1,2
6,0.778443917276799,436,-1,2
6,0.786372944535379,437,-1,2
6,0.790918953189324,249,-1,2
6,0.818607443493361,576,-1,2
6,0.82801154529669,438,-1,2
6,0.8391927547297,720,-1,2
6,0.842851260466827,124,1,2
6,0.844823658153015,278,1,2
6,0.933021036977031,513,-1,2
6,0.940910949277167,255,-1,2
6,1.00010443459158,472,1,2
6,1.01210272081712,570,1,2
6,1.03702413799793,66,-1,2
6,1.06065684770077,411,-1,2
6,1.08148494335914,403,1,2
6,1.09100401086825,242,-1,2
6,1.11293330485591,651,1,2
6,1.11915370952763,519,-1,2
6,1.13725442637746,476,-1,2
6,1.19091576426794,465,1,2
6,1.19578881684635,367,-1,2
6,1.22084099373232,539,-1,2
7,0,1081,1,3
7,0.0121558217366132,1460,1,3
7,0.0460563706635844,825,1,3
7,0.0492866268730302,1306,-1,3
7,0.0528461403490293,1460,1,3
7,0.0865372289253228,833,1,3
7,0.0896660316250763,605,1,3
7,0.0897815234411077,1151,-1,3
7,0.0955375689679504,599,1,3
7,0.100594696399758,1306,1,3
7,0.142302715350481,1460,1,3
7,0.158815582912709,1107,-1,3
7,0.239793092642653,880,-1,3
7,0.310435370151295,1139,1,3
7,0.310468610198509,1392,1,3
7,0.344035578093614,60,-1,3
7,0.352738771878797,1353,-1,3
7,0.359184174345242,903,1,3
7,0.36377789606952,1330,-1,3
7,0.363849131655699,753,-1,3
7,0.406476142449615,801,-1,3
7,0.502780444218323,1332,1,3
7,0.529441329993293,1460,-1,3
7,0.590629344508324,1058,-1,3
7,0.704555521148569,1130,-1,3
7,0.735169510715231,1105,-1,3
7,0.74247991604926,811,1,3
7,0.759545176327626,862,1,3
7,0.794413025520469,1165,-1,3
7,0.807136779121492,1345,-1,3
7,0.850964965531073,1309,-1,3
7,0.978219456643196,1377,-1,3
7,0.986281208115181,868,-1,3
7,1.00044170966623,1460,-1,3
7,1.0085840593799,1460,1,3
7,1.10595758576556,1445,-1,3
7,1.11129123459085,1460,-1,3
7,1.12565524318818,1460,1,3
7,1.14286845346128,1256,-1,3
7,1.15698709375153,955,1,3
7,1.16135752953325,1309,1,3
7,1.17734268846334,1361,1,3
7,1.19363538637669,1460,1,3
7,1.19391632299122,1215,-1,3
7,1.20227877917502,661,-1,3
7,1.22675220616051,1091,-1,3
7,1.23713710345217,1455,1,3
7,1.26544461260989,1309,1,3
7,1.30968193026913,1229,-1,3
7,1.32516451953284,872,-1,3
7,1.32740033970374,996,-1,3
7,1.3296052307568,1460,-1,3
7,1.36180187710336,1251,-1,3
7,1.38097997834401,1460,1,3
7,1.42756661655633,1162,1,3
7,1.42769797041607,1387,-1,3
7,1.42826984947005,930,1,3
7,1.44121601030141,1460,-1,3
7,1.44774524458454,1133,-1,3
7,1.45780522439618,1145,-1,3
7,1.47347404752745,1278,-1,3
7,1.56140161292739,1460,-1,3
7,1.58504089060713,833,-1,3
7,1.59684166743562,1460,1,3
7,1.60852063937836,937,-1,3
7,1.63809608470766,1142,1,3
7,1.639898395786,912,-1,3
7,1.69352717071821,997,1,3
7,1.71430002711045,1202,-1,3
7,1.72539352838733,804,-1,3
7,1.73621677969956,1197,1,3
7,1.74920315042124,1460,-1,3
7,1.78790125085782,927,1,3
7,1.8435985305401,1460,-1,3
7,1.85717804691375,1182,-1,3
7,1.87253773012892,1329,-1,3
7,1.92408920705059,821,1,3
7,1.93457001083182,1038,1,3
7,1.95818240866121,880,1,3
7,1.97029717562586,653,-1,3
7,1.97562195778389,679,1,3
7,2.02882862573053,1400,-1,3
7,2.1475002434003,1460,-1,3
7,2.15498861995815,1460,-1,3
7,2.16983239403462,1361,-1,3
7,2.18054809334718,691,1,3
7,2.18584466118451,1158,-1,3
7,2.19243374242336,900,-1,3
7,2.19362966143908,984,-1,3
7,2.21234192884284,1215,-1,3
7,2.23383467127823,1224,1,3
7,2.26118218608897,1027,-1,3
7,2.31736651329931,1140,-1,3
7,2.33409317094179,1460,1,3
7,2.3726039477311,1460,1,3
7,2.37506279000031,1081,1,3
7,2.39124001598368,1460,-1,3
7,2.40692492877608,1460,-1,3
7,2.4380004208234,1015,-1,3
7,2.52670191135425,1085,1,3
7,2.63020367952818,1204,-1,3
7,2.65599141284856,1460,-1,3
7,2.73009832300302,1460,1,3
7,2.74508268257102,597,1,3
7,2.7488845313942,1156,1,3
7,2.75262032800117,1272,-1,3
7,2.76512921317769,1202,1,3
7,2.81177318381685,910,1,3
7,2.81619351160376,1460,-1,3
7,2.81982149789796,1459,-1,3
7,2.8686108444025,1458,-1,3
7,2.87774852695673,1460,-1,3
7,2.91524698230331,1408,1,3
7,2.92184244015955,1186,-1,3
7,2.92192541781156,1278,-1,3
7,3.02709616066654,901,1,3
7,3.03034490935494,1345,-1,3
7,3.04455896875788,822,-1,3
7,3.04536830988412,1356,-1,3
7,3.06833923205829,953,-1,3
7,3.07330713257185,875,-1,3
7,3.15653568445104,797,1,3
7,3.18931944770869,1460,-1,3
7,3.27040392344694,1211,1,3
7,3.27115290159067,873,-1,3
7,3.27721734524694,882,-1,3
7,3.28200313860524,798,-1,3
7,3.28392441052618,801,-1,3
7,3.35784102890404,1460,1,3
7,3.38642985769645,1072,1,3
7,3.46576738152595,1044,-1,3
7,3.5124737271643,800,-1,3
7,3.55664684526676,1064,-1,3
7,3.57935456351702,1212,1,3
7,3.61879474918782,1278,1,3
7,3.68758029568237,1058,-1,3
7,3.74118504953948,911,1,3
7,3.79864854549106,1126,-1,3
7,3.79946731361853,1000,-1,3
7,3.80772835935509,859,-1,3
7,3.80871144862253,1460,-1,3
7,3.83335856450643,1432,-1,3
7,3.87172285158692,1248,-1,3
7,3.87848123160583,1097,-1,3
7,3.9120836109387,1098,1,3
7,3.94826452115625,1246,1,3
7,3.99202969959674,1364,-1,3
7,4.05331049802057,1447,-1,3
7,4.09413361711175,1001,1,3
7,4.12517573296076,1200,-1,3
7,4.13701174580163,1115,-1,3
7,4.22015829933766,1460,1,3
7,4.26690539910381,1234,1,3
7,4.27326321332569,1254,-1,3
7,4.33079883228731,759,1,3
7,4.36293063005484,1297,-1,3
7,4.36729323484888,584,-1,3
7,4.4232375991025,1060,-1,3
7,4.49800031000946,525,-1,3
7,4.51973709289471,1380,-1,3
7,4.55561529635474,1058,1,3
7,4.57282781367107,1066,-1,3
7,4.5793797750545,1460,-1,3
7,4.63898050760365,830,-1,3
7,4.65528618509537,1213,-1,3
7,4.67575188241108,1099,-1,3
7,4.73387373252906,697,-1,3
7,4.74802195265864,1460,-1,3
7,4.78690016399999,719,1,3
7,4.80843354725867,1179,-1,3
7,4.88336516245015,1289,-1,3
7,4.90668816511028,1280,-1,3
7,4.94216786675331,1420,-1,3
7,4.94803440367922,841,-1,3
7,5.03398672242063,615,1,3
7,5.06011138511933,1456,1,3
7,5.08350972204416,1244,1,3
7,5.09315697933597,1460,-1,3
7,5.10979572952265,1460,1,3
7,5.12193513763596,1408,-1,3
7,5.12950268263382,1193,1,3
7,5.1339506196665,1083,-1,3
7,5.16871338603521,1460,1,3
7,5.18730902152817,1155,-1,3
7,5.19253576344656,778,-1,3
7,5.19285391052948,1460,1,3
7,5.19636613239287,1460,-1,3
7,5.22607496861834,1192,1,3
7,5.27509203312909,848,1,3
7,5.29652974442541,1078,1,3
7,5.30549642555998,1268,1,3
7,5.32674004305055,1460,-1,3
7,5.348560970167,1019,1,3
7,5.35385483769115,1057,1,3
7,5.38438762101519,1460,-1,3
7,5.38891947106896,1136,-1,3
7,5.4159021254628,1251,-1,3
7,5.449323062512,1460,1,3
7,5.47301347160844,779,1,3
7,5.48115014166786,1460,1,3
7,5.5432938600079,828,1,3
7,5.59211898142867,1083,-1,3
7,5.59361218884723,1460,-1,3
7,5.64581710718052,1157,1,3
7,5.66280052866847,1045,1,3
7,5.67917782352442,1089,-1,3
7,5.70060132109524,1022,1,3
7,5.71376832120479,1068,-1,3
7,5.75788120980717,701,-1,3
7,5.77567145554849,1097,1,3
7,5.80532332934512,1172,-1,3
7,5.81771310369605,1276,1,3
7,5.87643544059761,1320,1,3
7,5.89325286381508,1460,1,3
7,5.943831038022,806,-1,3
7,5.9821657478188,819,-1,3
7,6.02776603403624,1422,-1,3
7,6.07874071307844,1187,-1,3
7,6.08448602820688,673,-1,3
7,6.12206962266564,1337,1,3
7,6.12433966844998,1326,1,3
7,6.12525571717259,1217,-1,3
7,6.14205301743732,763,1,3
7,6.20040010137563,1426,-1,3
7,6.22986114128208,1282,-1,3
7,6.23664060870459,1460,-1,3
7,6.26668048894723,1393,1,3
7,6.33992996699872,1460,-1,3
7,6.35749725509738,1222,1,3
7,6.36254552436726,1119,1,3
7,6.36939298164357,1305,1,3
7,6.42166095848223,1341,-1,3
7,6.43355175146878,1395,-1,3
7,6.47890689893798,836,1,3
7,6.52457615920876,967,1,3
7,6.52861394279511,1460,1,3
7,6.57024252562527,1336,-1,3
7,6.61028236185695,1460,-1,3
7,6.83028241780662,1460,-1,3
7,6.83443721855035,1283,1,3
7,6.84141051281839,1394,-1,3
7,6.85539904057469,1460,1,3
7,6.86401887407372,1276,-1,3
7,6.920525532673,1363,-1,3
7,6.94393092685144,952,-1,3
7,6.97532125331907,1178,-1,3
7,7.04632647454143,1453,1,3
7,7.06796482063208,1016,1,3
7,7.07044215955761,897,-1,3
7,7.16696412774959,1092,-1,3
7,7.20394960884005,934,1,3
7,7.25112240911555,798,1,3
7,7.29416846721174,1093,-1,3
7,7.29704944021672,1460,-1,3
7,7.31982362348172,1209,-1,3
7,7.34271144350603,893,-1,3
7,7.35092183474962,771,-1,3
7,7.4069501840526,1301,1,3
7,7.42851857693283,1099,-1,3
7,7.45383871063235,1460,-1,3
7,7.46931834384799,1460,1,3
7,7.46933161568574,1453,-1,3
7,7.47719403795645,978,1,3
7,7.50484326076378,1384,-1,3
7,7.51052172263208,946,1,3
7,7.56355568231709,1460,-1,3
7,7.66829227984306,1286,1,3
7,7.71591547362584,1033,-1,3
7,7.74824347165266,891,-1,3
7,7.76840966548325,927,-1,3
7,7.78298735694124,1335,1,3
7,7.78579671526887,892,-1,3
7,7.80600564076965,1327,-1,3
7,7.82672361497931,1109,-1,3
7,7.9164501304709,1403,1,3
7,8.01709825495733,1460,-1,3
7,8.03497016095594,1446,-1,3
7,8.05972402072373,1460,-1,3
7,8.06498390823566,802,1,3
7,8.11983419985749,683,1,3
7,8.23053460822788,1442,1,3
7,8.25455398979203,1130,-1,3
7,8.29768432820031,1158,1,3
7,8.38778856926552,785,-1,3
7,8.39745270520943,1038,1,3
7,8.46323961387142,810,-1,3
7,8.47815126511959,1460,1,3
7,8.51622797247345,856,-1,3
7,8.56877598580481,1261,-1,3
7,8.59782312962061,553,-1,3
8,0,766,-1,2
8,0.0236551344629503,631,-1,2
8,0.0879040637100428,355,-1,2
8,0.0985126536129243,493,1,2
8,0.116954583948764,256,1,2
8,0.117485562163867,552,1,2
8,0.129654380371174,575,-1,2
8,0.155456676573229,551,-1,2
8,0.162322295631725,347,1,2
8,0.188398747563857,599,-1,2
8,0.190411884106559,263,-1,2
8,0.210043302906036,813,1,2
8,0.222004823027749,40,1,2
8,0.28169153080744,507,1,2
8,0.298752158348851,218,1,2
8,0.302421878086579,575,-1,2
8,0.30674402522232,318,-1,2
8,0.336637787215686,521,-1,2
8,0.366375196599137,245,-1,2
8,0.370410047694554,282,-1,2
8,0.371852895210383,448,-1,2
8,0.418854623504609,331,1,2
8,0.434822171402035,285,-1,2
8,0.456548676353676,182,-1,2
8,0.459318097396806,353,-1,2
8,0.50897030364141,622,-1,2
8,0.540076312429595,714,1,2
8,0.545764239620422,85,-1,2
8,0.605167928358315,346,1,2
8,0.619331707997045,52,1,2
8,0.635655773323276,284,1,2
8,0.657564050765151,459,1,2
8,0.676163107699191,451,1,2
8,0.688862915276217,307,1,2
8,0.72534435095758,286,1,2
8,0.736516820826104,40,-1,2
8,0.740844342640004,774,1,2
8,0.746328845007877,627,1,2
8,0.783757902156101,236,1,2
8,0.821800623746835,276,1,2
8,0.848122981429289,570,-1,2
8,0.868496388307205,490,-1,2
8,0.886403830435933,315,-1,2
8,0.894125987422664,215,-1,2
8,0.951532512213201,142,-1,2
8,1.01876856267932,410,1,2
8,1.03750299509889,300,1,2
8,1.04471769596635,40,1,2
8,1.07757393531193,493,1,2
8,1.08645271749914,40,-1,2
8,1.11340741498815,540,1,2
9,0,430,1,5
9,0.00613644149117855,378,1,5
9,0.0306667828274906,364,-1,5
9,0.0593091022983432,316,1,5
9,0.0818011165391697,305,1,5
9,0.0871525100211148,241,-1,5
9,0.0932342325049911,333,1,5
9,0.107769657544445,179,-1,5
9,0.112267368224045,459,1,5
9,0.114251054449363,201,-1,5
9,0.146052664575159,369,1,5
9,0.153021607626906,435,1,5
9,0.156742243465671,207,1,5
9,0.170513134976557,60,1,5
9,0.182297130844144,186,1,5
9,0.187180633437562,326,1,5
9,0.188257206133311,501,-1,5
9,0.190365349572682,190,1,5
9,0.195758797144645,575,1,5
9,0.198902867824635,254,1,5
9,0.208986312091781,289,1,5
9,0.213434108110027,479,1,5
9,0.221065908512337,258,1,5
9,0.237676582384652,295,1,5
9,0.241218530121743,43,1,5
9,0.24708004667206,40,1,5
9,0.257334922029084,135,1,5
9,0.258263323267278,86,1,5
9,0.296927073458067,383,-1,5
9,0.308454385447909,259,1,5
9,0.337122254644301,328,-1,5
9,0.339781104081337,151,-1,5
9,0.343317792262657,191,1,5
9,0.354363525906855,407,1,5
9,0.358284135833738,490,1,5
9,0.367549131833742,40,1,5
9,0.370342914395727,499,-1,5
9,0.378235450588462,321,-1,5
9,0.387095982678141,309,1,5
9,0.387770959196761,300,1,5
9,0.401598800493107,91,1,5
9,0.422764226833566,40,1,5
9,0.428133474232239,325,1,5
9,0.428445060378303,197,-1,5
9,0.438177925721944,594,-1,5
9,0.465978206801093,275,-1,5
9,0.476786757633735,51,1,5
9,0.483600294527057,522,-1,5
9,0.501806637771333,177,-1,5
9,0.505990587902648,316,1,5
9,0.506013119376859,517,1,5
9,0.51395961583579,508,1,5
9,0.524323639944924,406,1,5
9,0.533468958569984,420,1,5
9,0.555084486983219,394,1,5
9,0.556325689703052,525,1,5
9,0.565124659245039,232,1,5
9,0.574610876882808,40,1,5
9,0.578770725258291,77,1,5
9,0.586934423126257,360,1,5
9,0.591269466687748,333,1,5
9,0.619165384857271,340,-1,5
9,0.621226733290535,220,1,5
9,0.621840127563482,166,1,5
9,0.626166968845081,413,1,5
9,0.626631954510924,314,1,5
9,0.645508119747917,261,-1,5
9,0.652901786286713,59,-1,5
9,0.657979975538467,40,-1,5
9,0.663397349833444,446,-1,5
9,0.672523779287661,493,1,5
9,0.683368376115902,355,-1,5
9,0.704017924142227,40,1,5
9,0.713389430832143,247,1,5
9,0.731550312183706,380,1,5
9,0.734637793959412,400,1,5
9,0.750300096713902,40,1,5
9,0.77867622489117,230,1,5
9,0.784611666485566,235,-1,5
9,0.789799744911018,192,1,5
9,0.791170400515118,327,-1,5
9,0.79666984932054,561,1,5
9,0.807298029855044,605,-1,5
9,0.80949188754228,350,1,5
9,0.815648585581103,307,1,5
9,0.840996243568755,40,1,5
9,0.84669049620231,320,-1,5
9,0.847655400963472,234,-1,5
9,0.856910920172044,411,-1,5
9,0.869073877650749,265,-1,5
9,0.888490208745917,195,1,5
9,0.907365501844786,118,1,5
9,0.915740956245551,252,1,5
9,0.920921475886023,215,-1,5
9,0.946102131051986,82,-1,5
9,0.946725475621111,760,1,5
9,0.949534081307541,277,-1,5
9,0.95486779479589,307,1,5
9,0.956749919486581,372,1,5
9,0.981983888534338,668,1,5
9,0.989389654811191,337,1,5
9,0.994008531312247,415,1,5
9,0.995888070325918,222,1,5
9,0.998328301017779,229,1,5
9,1.01116317906852,256,1,5
9,1.01177257398078,422,1,5
9,1.03261945949824,393,-1,5
9,1.03395324647111,195,1,5
9,1.03424814994603,156,1,5
9,1.05155553554113,380,1,5
9,1.05481192196721,94,-1,5
9,1.08692955406861,319,1,5
9,1.09595780150649,397,1,5
9,1.10256879785359,367,1,5
9,1.10800495120659,465,1,5
9,1.1086670196788,458,1,5
9,1.11263825929335,300,1,5
9,1.11995136243946,351,-1,5
9,1.12206258545555,375,1,5
9,1.12256991133006,125,-1,5
9,1.16070701711601,40,1,5
9,1.16088334995923,222,1,5
9,1.1854020765712,274,1,5
9,1.18745527524145,375,-1,5
9,1.20017298369226,412,1,5
9,1.22040891607413,204,-1,5
9,1.22862200304876,117,1,5
9,1.23302324283244,520,1,5
9,1.24267406586102,163,-1,5
9,1.27175761731046,292,-1,5
9,1.27687485858915,330,1,5
10,0,503,1,5
10,0.00298012270376221,263,-1,5
10,0.0208290777671212,389,-1,5
10,0.0420014609176178,438,1,5
10,0.068942231316958,327,1,5
10,0.0721714670312019,211,1,5
10,0.0729099998081665,233,1,5
10,0.0813372473169678,107,1,5
10,0.102611750981044,198,-1,5
10,0.109298388182236,217,1,5
10,0.11983003931549,328,1,5
10,0.129643001619778,345,1,5
10,0.134401920946564,285,-1,5
10,0.13770478146668,378,-1,5
10,0.15972280797551,180,1,5
10,0.193079648918824,56,-1,5
10,0.193136507229417,95,1,5
10,0.207715341130128,311,-1,5
10,0.236934487082443,156,1,5
10,0.253548362930879,276,1,5
10,0.286001113733538,261,1,5
10,0.295370873406343,461,-1,5
10,0.297572331590787,103,1,5
10,0.308323893561402,406,1,5
10,0.316439070794287,361,-1,5
10,0.320360807509817,406,1,5
10,0.327115961488836,447,1,5
10,0.328607394197107,120,-1,5
10,0.33004568595776,130,1,5
10,0.376187093481367,523,1,5
10,0.378696785848104,277,-1,5
10,0.386446138614916,342,1,5
10,0.386558360541014,419,1,5
10,0.393830943064736,418,-1,5
10,0.393962849767184,353,1,5
10,0.396778930516904,598,1,5
10,0.410697835033043,367,1,5
10,0.416889463292465,245,1,5
10,0.416968417769455,504,1,5
10,0.418505401833533,134,1,5
10,0.441798092089399,250,-1,5
10,0.445274224815331,403,1,5
10,0.455899547939908,284,1,5
10,0.505543371570662,250,1,5
10,0.514619631141916,410,-1,5
10,0.529111784393737,300,1,5
10,0.531110092680976,368,1,5
10,0.541977010624773,99,1,5
10,0.543870186014413,343,-1,5
10,0.618090406936372,422,1,5
10,0.629872835373405,194,1,5
10,0.644095565811581,228,1,5
10,0.65863841340401,147,1,5
10,0.685493482649039,610,1,5
10,0.702253306000957,331,1,5
10,0.708131280392618,475,-1,5
10,0.72046320020099,222,1,5
10,0.729200428049255,507,1,5
10,0.738959060613424,371,-1,5
10,0.740284037883834,351,1,5
10,0.74127893792584,474,1,5
10,0.748352271799209,281,1,5
10,0.759434173393578,193,1,5
10,0.781802081000531,453,-1,5
10,0.782279258161494,397,1,5
10,0.810375612532492,340,1,5
10,0.822493973001,127,-1,5
10,0.834598369656715,302,1,5
10,0.845980180152971,250,1,5
10,0.864041593499079,278,1,5
10,0.866485757843872,353,1,5
10,0.887482374868758,431,1,5
10,0.892025147712294,191,1,5
10,0.912912309762941,292,1,5
10,0.939428681754065,191,-1,5
10,0.940378059705002,64,-1,5
10,0.956978596894017,486,-1,5
10,0.958947872103845,574,1,5
10,0.96502434224896,216,-1,5
10,0.990553218633272,393,-1,5
10,0.99100896601514,546,1,5
10,1.00499420774885,391,1,5
10,1.006506561388,126,1,5
10,1.02429637561402,546,1,5
10,1.0258752853157,283,1,5
10,1.06912886563942,198,1,5
10,1.07582746105607,40,-1,5
10,1.07844835054729,295,1,5
10,1.07912262526209,43,1,5
10,1.0800745036367,246,1,5
10,1.0820635888323,206,1,5
10,1.0832492695858,440,1,5
10,1.09938274072811,482,-1,5
10,1.11196406395533,143,-1,5
10,1.12437843902641,558,1,5
10,1.13413210951352,527,1,5
10,1.14346340995997,391,1,5
10,1.14954126731423,40,1,5
10,1.16787459956632,343,1,5
10,1.17156718509139,610,-1,5
10,1.1894309326616,368,1,5
10,1.20113281638887,270,1,5
10,1.20799760838712,300,1,5
10,1.21027363615707,347,1,5
10,1.2132918621822,303,1,5
10,1.21766863063838,163,1,5
10,1.23626216850685,264,1,5
10,1.24229440431932,387,1,5
10,1.26666168512538,331,1,5
10,1.27640715734102,142,1,5
10,1.28523773522902,397,1,5
10,1.31747374507632,204,1,5
10,1.3304204511376,352,1,5
10,1.33087409212969,509,1,5
10,1.33134886001772,524,1,5
10,1.34178081405132,457,1,5
10,1.37322311159205,181,1,5
10,1.39042150385643,533,1,5
10,1.39978088383627,40,1,5
10,1.40031721573469,406,-1,5
10,1.41989306159587,351,-1,5
10,1.42259127562759,396,-1,5
10,1.44478451691844,169,1,5
10,1.44497371979577,501,-1,5
10,1.45460711083261,180,-1,5
10,1.45715300747836,40,1,5
10,1.46786518469255,489,-1,5
10,1.47252260986493,292,1,5
10,1.48902437122269,376,1,5
10,1.50826441822117,265,1,5
10,1.5089037877536,79,1,5
10,1.50976320966419,489,-1,5
10,1.51095702721607,326,-1,5
10,1.51565013070961,172,1,5
10,1.51777874401929,411,1,5
10,1.54450988001989,304,1,5
10,1.55545242673206,347,1,5
10,1.56704550876068,275,-1,5
10,1.57157665417151,618,1,5
10,1.58190608586163,565,1,5
10,1.60097733240311,470,1,5
10,1.60614464475568,138,1,5
10,1.60819787852724,451,1,5
10,1.61781799291418,399,-1,5
10,1.63804718996642,456,-1,5
10,1.65430854555523,264,1,5
10,1.66868512507525,436,1,5
10,1.68072826726811,358,-1,5
10,1.68514756040742,98,1,5
10,1.69024007097227,267,-1,5
10,1.69386297978827,444,-1,5
10,1.70401023308959,208,1,5
10,1.70594610907696,477,-1,5
10,1.72183816573586,426,-1,5
10,1.72940882206194,342,1,5
10,1.73162853043479,169,1,5
10,1.74876770483463,166,1,5
10,1.77085290592125,614,-1,5
10,1.77208946375004,249,1,5
10,1.78279176292691,560,1,5
10,1.78659163547944,246,-1,5
10,1.82334195157026,40,1,5
10,1.82705190886509,40,1,5
10,1.83856883397126,314,1,5
10,1.86743925340439,388,1,5
10,1.87238528657654,256,-1,5
10,1.88662301375847,232,-1,5
10,1.89612130168437,256,-1,5
10,1.92130624887209,306,-1,5
10,1.94046837643953,274,1,5
10,1.95257575830301,358,1,5
10,1.97668197231693,301,-1,5
10,1.9776160033996,303,1,5
10,2.02869786196288,230,1,5
10,2.03595745414265,497,1,5
10,2.05689306504208,188,-1,5
10,2.06868004460669,114,1,5
10,2.06944821187615,417,1,5
10,2.08766867384725,345,-1,5
10,2.08801632426634,262,-1,5
10,2.10382510205284,268,1,5
10,2.10681501171616,489,-1,5
10,2.11285397831629,72,1,5
10,2.11408154647502,523,-1,5
10,2.11998757413993,383,-1,5
10,2.1262507017509,279,1,5
10,2.14257479929601,286,-1,5
10,2.16051866674788,259,1,5
10,2.1613907172386,503,1,5
10,2.17254306812357,307,1,5
10,2.18242947146017,191,1,5
10,2.18517616047025,335,-1,5
10,2.19599892055056,642,1,5
10,2.19649016706189,278,1,5
10,2.19952926039346,77,1,5
10,2.20468045464007,167,1,5
10,2.20594862124651,243,-1,5
10,2.23598507457047,235,1,5
10,2.24956942742402,420,1,5
